USE [master]
GO
/****** Object:  Database [ToDoList]    Script Date: 28.03.2018 17:26:09 ******/
CREATE DATABASE [ToDoList]
 CONTAINMENT = NONE
 ON  PRIMARY 
( NAME = N'ToDoList', FILENAME = N'C:\Program Files\Microsoft SQL Server\MSSQL12.SQLEXPRESS\MSSQL\DATA\ToDoList.mdf' , SIZE = 3264KB , MAXSIZE = UNLIMITED, FILEGROWTH = 1024KB )
 LOG ON 
( NAME = N'ToDoList_log', FILENAME = N'C:\Program Files\Microsoft SQL Server\MSSQL12.SQLEXPRESS\MSSQL\DATA\ToDoList_log.ldf' , SIZE = 832KB , MAXSIZE = 2048GB , FILEGROWTH = 10%)
GO
ALTER DATABASE [ToDoList] SET COMPATIBILITY_LEVEL = 120
GO
IF (1 = FULLTEXTSERVICEPROPERTY('IsFullTextInstalled'))
begin
EXEC [ToDoList].[dbo].[sp_fulltext_database] @action = 'enable'
end
GO
ALTER DATABASE [ToDoList] SET ANSI_NULL_DEFAULT OFF 
GO
ALTER DATABASE [ToDoList] SET ANSI_NULLS OFF 
GO
ALTER DATABASE [ToDoList] SET ANSI_PADDING OFF 
GO
ALTER DATABASE [ToDoList] SET ANSI_WARNINGS OFF 
GO
ALTER DATABASE [ToDoList] SET ARITHABORT OFF 
GO
ALTER DATABASE [ToDoList] SET AUTO_CLOSE ON 
GO
ALTER DATABASE [ToDoList] SET AUTO_SHRINK OFF 
GO
ALTER DATABASE [ToDoList] SET AUTO_UPDATE_STATISTICS ON 
GO
ALTER DATABASE [ToDoList] SET CURSOR_CLOSE_ON_COMMIT OFF 
GO
ALTER DATABASE [ToDoList] SET CURSOR_DEFAULT  GLOBAL 
GO
ALTER DATABASE [ToDoList] SET CONCAT_NULL_YIELDS_NULL OFF 
GO
ALTER DATABASE [ToDoList] SET NUMERIC_ROUNDABORT OFF 
GO
ALTER DATABASE [ToDoList] SET QUOTED_IDENTIFIER OFF 
GO
ALTER DATABASE [ToDoList] SET RECURSIVE_TRIGGERS OFF 
GO
ALTER DATABASE [ToDoList] SET  ENABLE_BROKER 
GO
ALTER DATABASE [ToDoList] SET AUTO_UPDATE_STATISTICS_ASYNC OFF 
GO
ALTER DATABASE [ToDoList] SET DATE_CORRELATION_OPTIMIZATION OFF 
GO
ALTER DATABASE [ToDoList] SET TRUSTWORTHY OFF 
GO
ALTER DATABASE [ToDoList] SET ALLOW_SNAPSHOT_ISOLATION OFF 
GO
ALTER DATABASE [ToDoList] SET PARAMETERIZATION SIMPLE 
GO
ALTER DATABASE [ToDoList] SET READ_COMMITTED_SNAPSHOT ON 
GO
ALTER DATABASE [ToDoList] SET HONOR_BROKER_PRIORITY OFF 
GO
ALTER DATABASE [ToDoList] SET RECOVERY SIMPLE 
GO
ALTER DATABASE [ToDoList] SET  MULTI_USER 
GO
ALTER DATABASE [ToDoList] SET PAGE_VERIFY CHECKSUM  
GO
ALTER DATABASE [ToDoList] SET DB_CHAINING OFF 
GO
ALTER DATABASE [ToDoList] SET FILESTREAM( NON_TRANSACTED_ACCESS = OFF ) 
GO
ALTER DATABASE [ToDoList] SET TARGET_RECOVERY_TIME = 0 SECONDS 
GO
ALTER DATABASE [ToDoList] SET DELAYED_DURABILITY = DISABLED 
GO
USE [ToDoList]
GO
/****** Object:  User [todolist]    Script Date: 28.03.2018 17:26:09 ******/
CREATE USER [todolist] WITHOUT LOGIN WITH DEFAULT_SCHEMA=[db_datawriter]
GO
/****** Object:  User [TDL]    Script Date: 28.03.2018 17:26:10 ******/
CREATE USER [TDL] FOR LOGIN [TDL] WITH DEFAULT_SCHEMA=[dbo]
GO
/****** Object:  User [IIS_IUSRS]    Script Date: 28.03.2018 17:26:10 ******/
CREATE USER [IIS_IUSRS] WITHOUT LOGIN WITH DEFAULT_SCHEMA=[db_owner]
GO
/****** Object:  User [IIS APPPOOL\AppPool]    Script Date: 28.03.2018 17:26:10 ******/
CREATE USER [IIS APPPOOL\AppPool] FOR LOGIN [IIS APPPOOL\AppPool] WITH DEFAULT_SCHEMA=[dbo]
GO
/****** Object:  User [APPPOOL]    Script Date: 28.03.2018 17:26:10 ******/
CREATE USER [APPPOOL] WITHOUT LOGIN WITH DEFAULT_SCHEMA=[db_owner]
GO
ALTER ROLE [db_owner] ADD MEMBER [todolist]
GO
ALTER ROLE [db_datawriter] ADD MEMBER [todolist]
GO
ALTER ROLE [db_owner] ADD MEMBER [TDL]
GO
ALTER ROLE [db_ddladmin] ADD MEMBER [TDL]
GO
ALTER ROLE [db_datareader] ADD MEMBER [TDL]
GO
ALTER ROLE [db_datawriter] ADD MEMBER [TDL]
GO
ALTER ROLE [db_owner] ADD MEMBER [IIS APPPOOL\AppPool]
GO
ALTER ROLE [db_datawriter] ADD MEMBER [IIS APPPOOL\AppPool]
GO
/****** Object:  Table [dbo].[__MigrationHistory]    Script Date: 28.03.2018 17:26:10 ******/
SET ANSI_NULLS ON
GO
SET QUOTED_IDENTIFIER ON
GO
SET ANSI_PADDING ON
GO
CREATE TABLE [dbo].[__MigrationHistory](
	[MigrationId] [nvarchar](150) NOT NULL,
	[ContextKey] [nvarchar](300) NOT NULL,
	[Model] [varbinary](max) NOT NULL,
	[ProductVersion] [nvarchar](32) NOT NULL,
 CONSTRAINT [PK_dbo.__MigrationHistory] PRIMARY KEY CLUSTERED 
(
	[MigrationId] ASC,
	[ContextKey] ASC
)WITH (PAD_INDEX = OFF, STATISTICS_NORECOMPUTE = OFF, IGNORE_DUP_KEY = OFF, ALLOW_ROW_LOCKS = ON, ALLOW_PAGE_LOCKS = ON) ON [PRIMARY]
) ON [PRIMARY] TEXTIMAGE_ON [PRIMARY]

GO
SET ANSI_PADDING OFF
GO
/****** Object:  Table [dbo].[AspNetRoles]    Script Date: 28.03.2018 17:26:10 ******/
SET ANSI_NULLS ON
GO
SET QUOTED_IDENTIFIER ON
GO
CREATE TABLE [dbo].[AspNetRoles](
	[Id] [int] IDENTITY(1,1) NOT NULL,
	[Name] [nvarchar](256) NOT NULL,
 CONSTRAINT [PK_dbo.AspNetRoles] PRIMARY KEY CLUSTERED 
(
	[Id] ASC
)WITH (PAD_INDEX = OFF, STATISTICS_NORECOMPUTE = OFF, IGNORE_DUP_KEY = OFF, ALLOW_ROW_LOCKS = ON, ALLOW_PAGE_LOCKS = ON) ON [PRIMARY]
) ON [PRIMARY]

GO
/****** Object:  Table [dbo].[AspNetUserClaims]    Script Date: 28.03.2018 17:26:10 ******/
SET ANSI_NULLS ON
GO
SET QUOTED_IDENTIFIER ON
GO
CREATE TABLE [dbo].[AspNetUserClaims](
	[Id] [int] IDENTITY(1,1) NOT NULL,
	[UserId] [int] NOT NULL,
	[ClaimType] [nvarchar](max) NULL,
	[ClaimValue] [nvarchar](max) NULL,
 CONSTRAINT [PK_dbo.AspNetUserClaims] PRIMARY KEY CLUSTERED 
(
	[Id] ASC
)WITH (PAD_INDEX = OFF, STATISTICS_NORECOMPUTE = OFF, IGNORE_DUP_KEY = OFF, ALLOW_ROW_LOCKS = ON, ALLOW_PAGE_LOCKS = ON) ON [PRIMARY]
) ON [PRIMARY] TEXTIMAGE_ON [PRIMARY]

GO
/****** Object:  Table [dbo].[AspNetUserLogins]    Script Date: 28.03.2018 17:26:10 ******/
SET ANSI_NULLS ON
GO
SET QUOTED_IDENTIFIER ON
GO
CREATE TABLE [dbo].[AspNetUserLogins](
	[LoginProvider] [nvarchar](128) NOT NULL,
	[ProviderKey] [nvarchar](128) NOT NULL,
	[UserId] [int] NOT NULL,
	[Id] [int] IDENTITY(1,1) NOT NULL,
 CONSTRAINT [PK_dbo.AspNetUserLogins] PRIMARY KEY CLUSTERED 
(
	[LoginProvider] ASC,
	[ProviderKey] ASC,
	[UserId] ASC
)WITH (PAD_INDEX = OFF, STATISTICS_NORECOMPUTE = OFF, IGNORE_DUP_KEY = OFF, ALLOW_ROW_LOCKS = ON, ALLOW_PAGE_LOCKS = ON) ON [PRIMARY]
) ON [PRIMARY]

GO
/****** Object:  Table [dbo].[AspNetUserRoles]    Script Date: 28.03.2018 17:26:10 ******/
SET ANSI_NULLS ON
GO
SET QUOTED_IDENTIFIER ON
GO
CREATE TABLE [dbo].[AspNetUserRoles](
	[UserId] [int] NOT NULL,
	[RoleId] [int] NOT NULL,
	[Id] [int] IDENTITY(1,1) NOT NULL,
 CONSTRAINT [PK_dbo.AspNetUserRoles] PRIMARY KEY CLUSTERED 
(
	[UserId] ASC,
	[RoleId] ASC
)WITH (PAD_INDEX = OFF, STATISTICS_NORECOMPUTE = OFF, IGNORE_DUP_KEY = OFF, ALLOW_ROW_LOCKS = ON, ALLOW_PAGE_LOCKS = ON) ON [PRIMARY]
) ON [PRIMARY]

GO
/****** Object:  Table [dbo].[AspNetUsers]    Script Date: 28.03.2018 17:26:10 ******/
SET ANSI_NULLS ON
GO
SET QUOTED_IDENTIFIER ON
GO
CREATE TABLE [dbo].[AspNetUsers](
	[Id] [int] IDENTITY(1,1) NOT NULL,
	[Email] [nvarchar](256) NULL,
	[EmailConfirmed] [bit] NOT NULL,
	[PasswordHash] [nvarchar](max) NULL,
	[SecurityStamp] [nvarchar](max) NULL,
	[PhoneNumber] [nvarchar](max) NULL,
	[PhoneNumberConfirmed] [bit] NOT NULL,
	[TwoFactorEnabled] [bit] NOT NULL,
	[LockoutEndDateUtc] [datetime] NULL,
	[LockoutEnabled] [bit] NOT NULL,
	[AccessFailedCount] [int] NOT NULL,
	[UserName] [nvarchar](256) NOT NULL,
 CONSTRAINT [PK_dbo.AspNetUsers] PRIMARY KEY CLUSTERED 
(
	[Id] ASC
)WITH (PAD_INDEX = OFF, STATISTICS_NORECOMPUTE = OFF, IGNORE_DUP_KEY = OFF, ALLOW_ROW_LOCKS = ON, ALLOW_PAGE_LOCKS = ON) ON [PRIMARY]
) ON [PRIMARY] TEXTIMAGE_ON [PRIMARY]

GO
/****** Object:  Table [dbo].[Category]    Script Date: 28.03.2018 17:26:10 ******/
SET ANSI_NULLS ON
GO
SET QUOTED_IDENTIFIER ON
GO
CREATE TABLE [dbo].[Category](
	[IDUser] [int] NOT NULL,
	[Name] [nvarchar](50) NOT NULL,
	[IDCategory] [int] IDENTITY(1,1) NOT NULL,
 CONSTRAINT [PK_dbo.Category] PRIMARY KEY CLUSTERED 
(
	[IDCategory] ASC
)WITH (PAD_INDEX = OFF, STATISTICS_NORECOMPUTE = OFF, IGNORE_DUP_KEY = OFF, ALLOW_ROW_LOCKS = ON, ALLOW_PAGE_LOCKS = ON) ON [PRIMARY]
) ON [PRIMARY]

GO
/****** Object:  Table [dbo].[Comment]    Script Date: 28.03.2018 17:26:10 ******/
SET ANSI_NULLS ON
GO
SET QUOTED_IDENTIFIER ON
GO
CREATE TABLE [dbo].[Comment](
	[IDTask] [int] NOT NULL,
	[Description] [nvarchar](50) NOT NULL,
	[DateCreation] [smalldatetime] NOT NULL,
	[IDComment] [int] IDENTITY(1,1) NOT NULL,
	[IDUser] [int] NOT NULL CONSTRAINT [DF__Comment__IDUser__1DE57479]  DEFAULT ((0)),
 CONSTRAINT [PK_dbo.Comment] PRIMARY KEY CLUSTERED 
(
	[IDComment] ASC
)WITH (PAD_INDEX = OFF, STATISTICS_NORECOMPUTE = OFF, IGNORE_DUP_KEY = OFF, ALLOW_ROW_LOCKS = ON, ALLOW_PAGE_LOCKS = ON) ON [PRIMARY]
) ON [PRIMARY]

GO
/****** Object:  Table [dbo].[SharedTask]    Script Date: 28.03.2018 17:26:10 ******/
SET ANSI_NULLS ON
GO
SET QUOTED_IDENTIFIER ON
GO
CREATE TABLE [dbo].[SharedTask](
	[IDSharedTask] [int] IDENTITY(1,1) NOT NULL,
	[IDTask] [int] NOT NULL,
	[IDUser] [int] NOT NULL,
 CONSTRAINT [PK_dbo.SharedTask] PRIMARY KEY CLUSTERED 
(
	[IDSharedTask] ASC
)WITH (PAD_INDEX = OFF, STATISTICS_NORECOMPUTE = OFF, IGNORE_DUP_KEY = OFF, ALLOW_ROW_LOCKS = ON, ALLOW_PAGE_LOCKS = ON) ON [PRIMARY]
) ON [PRIMARY]

GO
/****** Object:  Table [dbo].[Status]    Script Date: 28.03.2018 17:26:10 ******/
SET ANSI_NULLS ON
GO
SET QUOTED_IDENTIFIER ON
GO
CREATE TABLE [dbo].[Status](
	[Name] [nvarchar](10) NOT NULL,
	[IDStatus] [int] IDENTITY(1,1) NOT NULL,
 CONSTRAINT [PK_dbo.Status] PRIMARY KEY CLUSTERED 
(
	[IDStatus] ASC
)WITH (PAD_INDEX = OFF, STATISTICS_NORECOMPUTE = OFF, IGNORE_DUP_KEY = OFF, ALLOW_ROW_LOCKS = ON, ALLOW_PAGE_LOCKS = ON) ON [PRIMARY]
) ON [PRIMARY]

GO
/****** Object:  Table [dbo].[Task]    Script Date: 28.03.2018 17:26:10 ******/
SET ANSI_NULLS ON
GO
SET QUOTED_IDENTIFIER ON
GO
CREATE TABLE [dbo].[Task](
	[IDCategory] [int] NOT NULL,
	[Name] [nvarchar](20) NOT NULL,
	[Description] [nvarchar](50) NULL,
	[Priority] [int] NOT NULL,
	[DateCreation] [smalldatetime] NOT NULL,
	[DateFinish] [smalldatetime] NULL,
	[IDStatus] [int] NOT NULL CONSTRAINT [DF__Task__IDStatus__1A14E395]  DEFAULT ((0)),
	[IDTask] [int] IDENTITY(1,1) NOT NULL,
 CONSTRAINT [PK_dbo.Task] PRIMARY KEY CLUSTERED 
(
	[IDTask] ASC
)WITH (PAD_INDEX = OFF, STATISTICS_NORECOMPUTE = OFF, IGNORE_DUP_KEY = OFF, ALLOW_ROW_LOCKS = ON, ALLOW_PAGE_LOCKS = ON) ON [PRIMARY]
) ON [PRIMARY]

GO
/****** Object:  Table [dbo].[UserTask]    Script Date: 28.03.2018 17:26:10 ******/
SET ANSI_NULLS ON
GO
SET QUOTED_IDENTIFIER ON
GO
CREATE TABLE [dbo].[UserTask](
	[IDUserTask] [int] IDENTITY(1,1) NOT NULL,
	[IDTask] [int] NOT NULL,
	[IDUser] [int] NOT NULL,
 CONSTRAINT [PK_dbo.UserTask] PRIMARY KEY CLUSTERED 
(
	[IDUserTask] ASC
)WITH (PAD_INDEX = OFF, STATISTICS_NORECOMPUTE = OFF, IGNORE_DUP_KEY = OFF, ALLOW_ROW_LOCKS = ON, ALLOW_PAGE_LOCKS = ON) ON [PRIMARY]
) ON [PRIMARY]

GO
INSERT [dbo].[__MigrationHistory] ([MigrationId], [ContextKey], [Model], [ProductVersion]) VALUES (N'201802150835379_InitDb', N'DAL.Repository.Migrations.Configuration', 0x1F8B0800000000000400ED5DD96EE4B8157D0F907F10F494049E2ADB8D00895135034F959D1871B78D2EF7206F0D5AA2CB426BA9D1D26323C897E5219F945F08B5B0C45DA476371A0D346C51BCBCCBE19578491DFFEF3FFF5DFDF412F8D65718275E14AEEDB3C5A96DC1D0895C2FDCAFED2C7DFAE12FF64F3FFEFE77AB2B3778B17EC1F7BDCBEF433DC3646D3FA7E9E162B94C9C6718806411784E1C25D153BA70A26009DC68797E7AFAD7E5D9D912221136926559AB8F59987A012C7E41BF6EA2D081873403FEFBC8857E525D472DBB42AAF5010430390007AEEDEDE5EDE2233C44899746F1EBE20A094A3D98D8D6A5EF01A4CE0EFA4FB605C2304A418A94BDF894C05D1A47E17E77401780FFF07A80E8BE27E027B032E2A2BE5DD79ED3F3DC9E65DD118B72B2248D02438167EF2A072DD9EEADDC6C1F1D885C5878E835B7BA70E3DADE8014EE91EF6C8B1DEC62E3C7F98D522F2F70DF138BBEE3E4880D04A1FCDF89B5C9FC348BE13A84591A03FFC4BACF1E7DCFF9077C7D88BEC0701D66BE4F2A8A54456DD40574E93E8E0E304E5F3FC2A74AFD9B6D6DC092EEBF64051CBB0BFA9686DE84E9BB73DBFA8094018F3E3CE28270CA0E1908FF064318A3BEEE3D485318A3B0DEB8B0F02CA70537264260DC349E5A46FE3F9680C08C26A76DBD072FB730DCA7CF6BFBCF68365E7B2FD0C5172AA19F420F4D65D4278D33D83CE807F0D5DB173633C33F80E48B6D7D847ED1983C7B87729E2DF286CFB54BAFE328F818F9558F63C3E70710EF618A0C8844ADBB288B1D036D4A770AB4394A2CEFA8B5A11A8EE3616DE856AC2BA9CD6A594F22E5D42A1D653EADF27E934EA95271F3E954F61B6F2AE94EDF4ED3E9BC9FE9C40CBA8589137B8732A9779DCAEAA1EE632F8A0B7F76F1D2CD7687C29625DDA46C51C4363104A4DDF9B5072F68E143D4F1DA0BBDE49917A59B3E6A08B54F686C0A11A73B5D8DB09B65FAE076469BF2B25897AAAD5332C3C39AA7B3B2E7A4090D2B6F9ED2F440DF5F526B4846673D2423ED90970F4E79C01FA26D74EB25E9021BB7285FD81779C7138B6B1E33E46E8B60BBE385F92A009EAF8833FAB187CC5F8C8296534F5E1CC0A3753F47283380D038DDDE8324F92D8ADDBF833AE10EA6FA0E3A59FED042F32F380C3EDAFD7314C20F59F058BF9A8F31566FA179F82DBA060E82E45598F7EA2CEF3672BE44597A15BAF913F553EA343E6065027A51E7D27160925C23304377136561DAED25244F4F0D79B665A8E5AF193EF002F143BD5867E0F6FAA14E5CE61EEA649BE9EBC56DB4F7428526B89DD1A4BC2CD6A46A33D52497A050A46A66F428AE8AD5289B3ABDE4E4720ABF16C0BA57AEDEA44F3FF4D2B060057D7F1A364DC8E6F1D4320A6FE702064FE0C548BF003FEB7B2823981693AE0F989282BEC354FD50439E42D7BE7AEE18EF09D540C803838F653E018DB09A67E63EA04AC8F98ED4A1136AE1EC6130B1898200E66F712DB61CCAAED3EE3860F55B6C38E0AEE31549758AB2C3EF59F45AEF1CB5E868BE0F5205F9737903B1F1405CE7F71DC846D35769F926482595DB0321AE4B55E9BE03B27B063174DBEE83D4BDA72D1E1246B4282012BDBFF9496F3E576AF770D38569E260CAB6F7366908C1ECBC619A543A19CF9ECB24891CAF5086F05ABDFF409B7515BA967233A2CCB178DB00A5593441BC039A1268E8B5FD27CE4F3281C7EDDA5A60BD25420B3DB3D9F974176EA10F53685D3AE5F1870D481CE0F2C8413E71E92B680AC238C73BC84B98099AD45E98F2F3D50B1DEF007C95EA4C27C37304B972C761D8962D3CC0309F95AA58741FFF380CE3B4261FAD9604A834B056ED762881C16E3475C419B3374588C35B2FB3C418ADB65E84C5BB50E6F8A223D075EC11B0459638656010D63B6B309489784028883511C092AF113621BE15CA04FED08A34B73235C297C0769D51F17A733A7455656B654CD91AF674E8622AE68C2674696F3874D1FE180B5DB4ED6F035DE55E8432A4CCC6C474D8A2B7411845A84ADC70C8A29C3116B028C3678F2BFA78A22CA292B38ACDAFE2AAF72EF111C73121DB0A5942B547009730067A6F5DA523A7C1175984922241589122D085CB9506E012D5B11A160933C096406BBD108BEA4266F012C4A0DBD023A24B9DBC8445C65ED0F5C6329740EB311297C0FFB3CF5B6C41508604697590282010A5577D88C9CA8AB3CF6112C5474A639278CC3E93B1C55E0D58C8F25967BCBDADAC26517C84C42689C5CC725B59E5477D52D403C6B8CE5A1D5BC8AFC317D11E3852B0DA1A4BAA0D4F163AB9DC1D4CB94F18EA7D056E75C0C18F96518296EB2FDCF462FBE2D222D75B72EA9EED9F0744D45D14286167BA1A279443DFA22193AEC10865D2B768C8A416DF4291D41D0D128F6F4F7CD425E713B8C011F98A0F9E7CD793C03B8D20E25B19E21EE1C734ECF46BDACE3AEA8EB1CA4DE0A6FD2B4282FC9351DA345DB331D025468B76557885997D156383998D14A2BFECEB176363A9A3CABCB1D232BFB4BC2E30B6CA060A6B45F579468072BAB7B41B1F8C96D82D2A403796A0CDED662AC78C00654A6A6977750E5B62B6A032DA541B35379A2E6932FD5539D3DC64E6AB61DE6A45DD4EA372A79184344A754D1E6C633775664960B6B49CD45C50228D163F9A9A2B480DE9B083C5D2404B4B1CCD458E96160F1D64EEB00D6FB572F9ADB500271F3CD27708AD1577FF31E74EF6281DD01079D98AB09303FA82003E64745C7E1CDB56CB9246A5BAB05A4AF85656EFC1E1E0857B827FA5BA62ED4AF295CD0F3B734292A094B174A8A706BB583A8E944631D843A6359F312EBCF6E224DD82143C82FC28DAC60DB8DBD8C596E47D188FC6ACA7F880E17764DC21FFB93A63DA409122589C5642AE9181F9EC2F6C85A20704D7D5CAA970800F620523C226F2B3206C3E5CA49256CE115A9278F92C97527E6847CA28AFF012564BC623DC129D0B0057D7A003AA156E499A330FB548904698C5DDE44129B3091D147186190B28FA219649A04E879382A8067D7935E50529ACBE6AE229BC7AA2FD243B4FA5B0913A854E1949B59849C4FC17AC3C7C7D36D34CBA08369F6862511A534DD671F8E0CF3E0B96EF177D4447F4D6A4111B713769645C26268282B2BC77C5BE400AA82E19CA203EE0E784116D06898BE258A09217D5A22F9121522045324D065A927409949264432B79128F8AEFD01F81274820A5F3ADFA92055409A46841730BD9029DD9367DA902360552B0A0595F764DAD408AACAFCE2ADF5155C2BE529F4AA8661A548B182625E2B3706CD8CCA4101FE1938288CB86B2AACFEC3961D5F559C1892ABEF6052795504D38A9450C0327E653793A71514D262FF5C407F1F47B3DD13014E427041659E1EE0B570A999AB0524A987392C21FB69352F0B5D9C41D978D7BA9418965E994A0643D1585055CEF66EA0AB232B84A563FA58E3EAA587D1728DA1703A65ABED795EC5E96F052713ACB784567C5529EA8C533CB7945955E25717C780E1A7C6ECB80BDE538FA71EB80D9225855E5FA66DE76AE7E5FDE625BF8598EA2FC9AA43058E4372C76BFFA1BDF2BF207BEE13D08BD2798A4E5D7FDF6F9E9D939C3FA3E1F06F66592B8BE60BB83A444117FE53D0107BA977BB99180A0139B8027E47EB9095DF8B2B6FF5574B9B06EFEF9B9EC7562DDC528E017D6A9F5EF4EE4CEE157103B68AE739423FDB0DA088E2B8FC8B73D50D884E8D00A5DFDC701860CDF7953F87899022A1A0D64B461DA2E9CD591675BDFE19867B983BB454C3949007CDF450D693F1CDD52791D08F184BC052373430F3201C5F897C3E126F9147ABF6608120FC89B390218F2E81E99A1DB78BB136FDA201EA69898B18BFF1080973F9ACE7E31DBF2A3679E03444CCB9D5413B229779228604CEE4B5E2F2E943122B791256543D6CB620A819D55933223B779F4D4657AE380B667D8FD36B208AE42993DB3CB5E9D9ED81CED6DA759C853DB0E85017951FACD6240480FDB2D29F214B09DE48D84D2D6DCB0DF060E26CB0534636BF313C098AFB55D6DA237B6D48196B8DC2A5A6BB555D2527688D664259176EBDF51D68F6D8845DB2DFA7AE6F4FC0ECD16D0EC9B0893AD558DC755497F8AD78214B11321CED80497DF0EA1255DC1198B75721AB4484FCD0E4855F92D91534E49EA467FCF3A0D19E5583C6E0D07E86646E326FDF67746E8A1BF0A9E866C722CF4349C979B237A9AC925A7040FF579F5246C926341477D246E66C8D1A38F9C123C466FE36F0C2E866FDE73A781D47A0D1D0A26748DC78C18B0357FFBC8E48EF3A741D322749C349D8C8E93D192891146DE0035E394E9842FCD1953F3CD3EA9280FCFCE2CAFE8D22B4E995AA6C2CC5809C6182F135324F2E41E6CE45A102096078CD7B6FB18A1289735E97EE8114592FB214E144936205594722A8AE48A096644628DE91665C30D4FCA281B7968EA46D9B83DF33B0A31DD37F9A31084539143B2535D9F498DB4B44F4AA95E0820E94CA0206D1CC5A4DE681E39062BA539B2DC327B5647733345896CE6248EE6460A72E6DC491BCD0D354A48D3F1326AA50AF17A9BB44B7694672AF2C516F11AD4AC5E0916CD63C63FD31B5808A7A650348F5F9F261A7024F21F36A2554F16E6479ACADFB630F1F6B58815921942875AEF1CEFB9099F22BCEC6234C2B7300772DEC314B868317419A7DE137052D49C9FFB2EFE7C76715C37FFFAE011BA37E15D961EB214990C83479F4A40F9F24D357E410449EBBCBA2B4E89257D9880D4F4F2536077E1CF99E7BB47BDAF05E7822422F2756175BC2A8F659A1FB3DABF1E257D88424D4195FB8ECBD907181C7C242CB90B77E02B6CA31B02EE2DDC03E7B53E002C13D21C08DAEDABAD07F63108924A46DD1FFD8A30EC062F3FFE1FEBDD4500BD990000, N'6.1.3-40302')
GO
INSERT [dbo].[__MigrationHistory] ([MigrationId], [ContextKey], [Model], [ProductVersion]) VALUES (N'201802150836503_InitialCreate', N'ToDoList.Identity.Infrastructure.AppIdentityDbContext', 0x1F8B0800000000000400ED5CDB6EE3B819BE2FD0771074D516592BC9A0C536B077917592AED19C30CE2C7A37A025DA114622B522954D50EC93ED451FA9AF505227F3A4A315C9532C0618C43C7CFCF9F323F993FCECFFFEF69FF9F7AF6160BDC098F8182DECB3D9A96D41E462CF47BB859DD0ED37DFDADF7FF7C73FCCAFBDF0D5FAA928F7819763351159D8CF9446178E43DC671802320B7D37C6046FE9CCC5A1033CEC9C9F9EFEDD393B732083B0199665CD3F2688FA214C3FB08F4B8C5C18D1040477D88301C9D359CE3A45B5EE410849045CB8B09FF015BEF5099DAD3CC840E8DB6C85B63120344E5C9AC4D0B62E031F30BBD630D8DA164008534099D5179F085CD318A3DD3A620920787A8B202BB7050181796F2EF6C5DB76ECF49C77CCD9572CA0DC84501C76043CFB907BCA51ABF7F2B75D7A92F9F23A7517EF75EACF85FD1107ACE36A4317CB20E6854CAECE8667C62B9E585AF6494910C623FEEFC45A26011F940582098D4170623D269BC077FF09DF9EF0178816280902D1486626CB931258D2638C2318D3B78F709B9BBEF26CCB91EB396AC5B29A5027EBD80AD10FE7B675CF1A079B00961C109CB0A63886FF8008C68042EF11500A63C431B2AE6AAD2B6DF1FF8BD618E9D86CB2AD3BF07A0BD18E3E2FECF3BFFECDB66EFC57E81529B9059F90CF261FABC4E80C0D162AADDE83177F971AACB4CFB81E13DBFA088334973CFB513623D2B1FB9C67DFC438E49F332A64A99FD738895D6E3CD6B29E40BC8354B662EEEC7955CB360EC1B152E73F7EE945BCD5D57AA6E04CCB436E8CCE4563D1D4E61EB42D9AA8A76E3D1D8BB60FC178BFE9D38942BD78C32BFEBE60D5B5751D023F1860C56AD10ADBEDB77E1CC2B2773F60464F803A33F21110F20B8EBD1F0179AE319DFD3980E96BE8263173E49A82307AF7D61E9F3182F749B8E1841FAFADC186E6E9177C035C46C96BC46B1D8C778BDD2F38A1D7C8BB62F4FE44DD02907F7CF2C3F600839873E9BA90901B4666E82D310B660F5B5AF9F23475C4B00C801F9A43066EDEE7227F1F3308C95AD020E699A2863A4B6EF1CE47359614F98A2559B2D9923CAFAB251CA1C6903C5BB1234D359B91651D1C45A57E1D228C12817EDF1EDF3B084BBDCD01DE7D454F5BFA0904C9D04D75A2693AE986A0A908342D4D534B58F28BEFF18DB945D45F1466F0ADCA9B0F14CD9341B1AC72D4CFCEBF1D641F516308B19B63373EC4E41CFF7473490876FD1450D86EF2A3B96C2B0B7BACEA737AE6EDE26CCF1CCEC8EF478CEEAC51E6735B25DD03BA8201A4D0BA74B37BA925202EF0741731C3BD168614FB99608876D6976DFA8BD6149B0030E6DE03FC7840D8A4F511D5678B8F5C3F0241A533941A2DB71ADED5125BCDB98211447C602B3BDEA651F3E19F375CE22BBE6FF2C8DC110854CF2B317EAB1A4F6330270FE848CC32858E8A257200F42EDC32F863047219FADEA6D5CA5BA8D1D895C7E4B563AA06E8D3B14B390E2896C871CBFBB14BF6C758EC92FBFE75B02B3B68D50EA972EA9A8E5BF2196FF43D5177C658C4923A7E64BCCA22305687B21A302E6E71A2A808D9AE363C13BE52C34185D9999F55481EA0AA04E0086B48E55B837DD42745674E7D658D251A8C56A205A2C99C6C62B4A82CEFB6461CB9480B4C798D3562CA45144C619C65C7174F5B4201FDE14B255C6D7C5D9A5F8EAC46D8DAB058A8DF34748EDCAD165D96AEE6F43E57467E8DB19F62757DAF4D219B0250CB909EFD2E2E022BFA6D8A491AA392EEFD56820905A096C53DFB9DD3B0A2DB86CDB269BBECDE6979971B84E2C539B95CA5CBBCB993C940F284B953A11799DF8128F2D14ED08FE429D63A138F2CBF5977D751841986E312839CA2B4B66C89E218ECA092CB9A6696DEF831A15780820DE0370A4B2FD48A19F7A48AF5B46852DC76F4712B96D6A234FF3B7FA46990D2643B96BE95E74837AC9F210F02D2EB106599D4AB595CCD0302101B6E5E96384842541D8B54D7CE9E4DC4FA598A8E307714BBB5B043F39516FAC98E6F352CEA841874801AC05B8C55234295E38BE84D747D5544578D52DC8B882855772587526842020C3C2FD3D0ADDF588F352F733D8108902775C4109EA4353021AF3DAAAC1A1031E59CF6888A34408454B23A58290A002423C58C5E78151E359768DF82FEE42FA2EBB9ED910D8FFF22B421BB07B6C16635AF3DAA411F20021BB2DB63EFC502EAD27B843B9F14F60FBE06D6A1B75C0FEB21DE676D1C66EB149E93452021B92356FE60AC81E5E947C52BE9583538AFEAD05BF2AA1EA27A35925E71E5C5A8F6E9B91A537A9A9516FCBAA7E96ABC61D87B04219B76E0548B94AD97074FE58039CF0F7BCDDF5AD04E7F5911DB2A0681850A6F84C270C60BCCD63F07CBC0877C63280ADC01E46F21A19980C13E3F3D3B57BEEA703C5F3B7008F102C36159FDEE813C562308857CEED1C6D7FB8ED20151B9875E40EC3E03934A79853CF8BAB0FF9DD6BA482F53F85F69F289B5229F90FF73C2329EE2045ABFEAE2BF5AAB7AABF07B0CC1E89AF774D49AFCB9FAD7E7ACD689F510B3F972619D722F1E24946FDB7056EBA08607E5683741FDFFC72C9404ECFB69583D8BFAEBD5373E1D44AB5E58F9A710BCFEB9AB69463DFA418806CDF9507883B8B04A53DE07AB524FEEB18F34D59377EBAC595FDEC7B44A6D793A6D0E5496B7DF9F8A9A13EC4FD567B2AF76759A6C43D344C7074D695D58DC01AEBF78B80707BE32A5AE71C34AE5B2870B7107C39E8CC4A30447BDF5B8534970B5A7D64904B863E98BEA9FB9BE52C5ED944A355991318DC2762CF2345C141FA3E6B185A2764AF6C8BA966914B463B1A7E13AF818D9D3AC989D923CD3EE5A6352A7EBAE35B92656972955BCC988F7B8555AD7EC929B1DAA37988D7316915D92E81E52A3927208316C759345D176CD560A66EB1B6807DE59515BDF68A1FF7C0FDD6D7DCB8502734475AE26C86D142B1A1874EC6A5CCDCEC64E9A2875F4E2DBEEDD34F1F7C8B5B6DD3B393C613B686BF5274DB6C7083FD7C6B639E2EFF610FCC7DB1074A5DDA52CB3425B5C6C728A454511E5A87F0729F0D8D67319537F0B5CCAB2F97568FA4DE2F4E2895FCA6FA0B7420F098D12CABA0CC34D205DD9F0CDB2AEFD54402CDB3C7F88D25F7818A20BCC4C9F5F233FA01F123FF04ABB6F0C771115107C17CE2F38F858527ED1B17B2B91EE316A0994BBAF0C1E9E6018050C8C3CA03578817D6C632CBC853BE0BEEDEFB0AA409A074276FBFCCA07BB188424C7D8D7671F1987BDF0F5BBFF01C8F69E59B5500000, N'6.1.3-40302')
GO
SET IDENTITY_INSERT [dbo].[AspNetRoles] ON 

GO
INSERT [dbo].[AspNetRoles] ([Id], [Name]) VALUES (1, N'Administrators')
GO
INSERT [dbo].[AspNetRoles] ([Id], [Name]) VALUES (2, N'User')
GO
SET IDENTITY_INSERT [dbo].[AspNetRoles] OFF
GO
SET IDENTITY_INSERT [dbo].[AspNetUserRoles] ON 

GO
INSERT [dbo].[AspNetUserRoles] ([UserId], [RoleId], [Id]) VALUES (1, 1, 1)
GO
INSERT [dbo].[AspNetUserRoles] ([UserId], [RoleId], [Id]) VALUES (2, 2, 2)
GO
INSERT [dbo].[AspNetUserRoles] ([UserId], [RoleId], [Id]) VALUES (3, 2, 3)
GO
INSERT [dbo].[AspNetUserRoles] ([UserId], [RoleId], [Id]) VALUES (4, 2, 4)
GO
INSERT [dbo].[AspNetUserRoles] ([UserId], [RoleId], [Id]) VALUES (5, 2, 5)
GO
INSERT [dbo].[AspNetUserRoles] ([UserId], [RoleId], [Id]) VALUES (6, 2, 6)
GO
INSERT [dbo].[AspNetUserRoles] ([UserId], [RoleId], [Id]) VALUES (7, 2, 7)
GO
INSERT [dbo].[AspNetUserRoles] ([UserId], [RoleId], [Id]) VALUES (9, 2, 9)
GO
INSERT [dbo].[AspNetUserRoles] ([UserId], [RoleId], [Id]) VALUES (10, 2, 10)
GO
INSERT [dbo].[AspNetUserRoles] ([UserId], [RoleId], [Id]) VALUES (12, 2, 12)
GO
INSERT [dbo].[AspNetUserRoles] ([UserId], [RoleId], [Id]) VALUES (13, 2, 13)
GO
INSERT [dbo].[AspNetUserRoles] ([UserId], [RoleId], [Id]) VALUES (14, 2, 14)
GO
INSERT [dbo].[AspNetUserRoles] ([UserId], [RoleId], [Id]) VALUES (15, 2, 15)
GO
INSERT [dbo].[AspNetUserRoles] ([UserId], [RoleId], [Id]) VALUES (1015, 2, 1015)
GO
INSERT [dbo].[AspNetUserRoles] ([UserId], [RoleId], [Id]) VALUES (1016, 2, 1016)
GO
INSERT [dbo].[AspNetUserRoles] ([UserId], [RoleId], [Id]) VALUES (1017, 2, 1017)
GO
INSERT [dbo].[AspNetUserRoles] ([UserId], [RoleId], [Id]) VALUES (1018, 2, 1018)
GO
INSERT [dbo].[AspNetUserRoles] ([UserId], [RoleId], [Id]) VALUES (1019, 2, 1019)
GO
SET IDENTITY_INSERT [dbo].[AspNetUserRoles] OFF
GO
SET IDENTITY_INSERT [dbo].[AspNetUsers] ON 

GO
INSERT [dbo].[AspNetUsers] ([Id], [Email], [EmailConfirmed], [PasswordHash], [SecurityStamp], [PhoneNumber], [PhoneNumberConfirmed], [TwoFactorEnabled], [LockoutEndDateUtc], [LockoutEnabled], [AccessFailedCount], [UserName]) VALUES (1, N'godonly@sky.com', 0, N'AKdewRlgr8IqwQ4CpN/cdufjUBrpCgYd0xfJgyhraSCRxM7siiSzjoA5sLZoM0mqeQ==', N'140b0940-3a06-489c-96a0-f5909baa6ca1', N'0956625480', 0, 0, NULL, 0, 0, N'God')
GO
INSERT [dbo].[AspNetUsers] ([Id], [Email], [EmailConfirmed], [PasswordHash], [SecurityStamp], [PhoneNumber], [PhoneNumberConfirmed], [TwoFactorEnabled], [LockoutEndDateUtc], [LockoutEnabled], [AccessFailedCount], [UserName]) VALUES (2, N'string@gmail.com', 0, N'ALvkbVVbRkYIUmfWbjQ7QQKKnGYeK0yLb/BUimtnYH0ODSBiQ6seHZ1sjZC4wYEluw==', N'f05f05e0-72f8-4ce7-ba07-09b63054bd9d', N'0932298308', 0, 0, NULL, 0, 0, N'Joe')
GO
INSERT [dbo].[AspNetUsers] ([Id], [Email], [EmailConfirmed], [PasswordHash], [SecurityStamp], [PhoneNumber], [PhoneNumberConfirmed], [TwoFactorEnabled], [LockoutEndDateUtc], [LockoutEnabled], [AccessFailedCount], [UserName]) VALUES (3, N'jar@gmail.com', 0, N'AH1pGmJ/2jkuvWmykC1VOqA2KLCcgApo7Ipc87NSmVzvE9DU7ILrGMePTsIhy1oTQg==', N'e18f3e27-7784-4953-af57-0c7690c72f9e', NULL, 0, 0, NULL, 0, 0, N'Jaroslav')
GO
INSERT [dbo].[AspNetUsers] ([Id], [Email], [EmailConfirmed], [PasswordHash], [SecurityStamp], [PhoneNumber], [PhoneNumberConfirmed], [TwoFactorEnabled], [LockoutEndDateUtc], [LockoutEnabled], [AccessFailedCount], [UserName]) VALUES (4, N'thdrtr@ghf.cfh', 0, N'AN07aUyNSJpkPqExDQMa5CtDHJrbQ8ThkQZ+dLYG1vS+FQ3DhZvr56UX0geClfUzcw==', N'cfaef5d0-f8e9-47f7-9e8c-b8d7fb281d90', NULL, 0, 0, NULL, 0, 0, N'tjhrthjr')
GO
INSERT [dbo].[AspNetUsers] ([Id], [Email], [EmailConfirmed], [PasswordHash], [SecurityStamp], [PhoneNumber], [PhoneNumberConfirmed], [TwoFactorEnabled], [LockoutEndDateUtc], [LockoutEnabled], [AccessFailedCount], [UserName]) VALUES (5, N'mike@gmail.com', 0, N'AIZSWDgvI34G9VEOm/mAAmUb5ngBwZJKWKXPqAVu4vD6WpD9IGQdABxjMq1DIdRtdw==', N'3e7d6356-1246-45a0-8946-11214062fa55', NULL, 0, 0, NULL, 0, 0, N'Mike')
GO
INSERT [dbo].[AspNetUsers] ([Id], [Email], [EmailConfirmed], [PasswordHash], [SecurityStamp], [PhoneNumber], [PhoneNumberConfirmed], [TwoFactorEnabled], [LockoutEndDateUtc], [LockoutEnabled], [AccessFailedCount], [UserName]) VALUES (6, N'john@gmail.com', 0, N'AKA320xKOoAevjxMPm92ZBKG/ONCsWb74gY3Qxz4nt4M6RN4mDcltQ77M1xa2Zk2mw==', N'df29d0df-b663-4a1f-ad30-48de98b073e5', NULL, 0, 0, NULL, 0, 0, N'John')
GO
INSERT [dbo].[AspNetUsers] ([Id], [Email], [EmailConfirmed], [PasswordHash], [SecurityStamp], [PhoneNumber], [PhoneNumberConfirmed], [TwoFactorEnabled], [LockoutEndDateUtc], [LockoutEnabled], [AccessFailedCount], [UserName]) VALUES (7, N'some@gmail.com', 0, N'ADkf0GUM7E0oF4z7a6XCcrKqQU9RWFz/Ax4U35YE+Sc4ohr+WsYap0fUg7MrvizWdA==', N'd56fb656-5a15-4804-a156-17c7e91994fe', NULL, 0, 0, NULL, 0, 0, N'Jaroslav2')
GO
INSERT [dbo].[AspNetUsers] ([Id], [Email], [EmailConfirmed], [PasswordHash], [SecurityStamp], [PhoneNumber], [PhoneNumberConfirmed], [TwoFactorEnabled], [LockoutEndDateUtc], [LockoutEnabled], [AccessFailedCount], [UserName]) VALUES (9, N'svdvsd@svd.sdv', 0, N'AN8aV8VNxGnMzPxswTv6MS2DsgUZxLgecn6rTeBbIHadPo90aDA7dZdWtwbqphtR6w==', N'87b0006c-3863-4ea7-b2c0-c8d6353ba555', NULL, 0, 0, NULL, 0, 0, N'Vlad')
GO
INSERT [dbo].[AspNetUsers] ([Id], [Email], [EmailConfirmed], [PasswordHash], [SecurityStamp], [PhoneNumber], [PhoneNumberConfirmed], [TwoFactorEnabled], [LockoutEndDateUtc], [LockoutEnabled], [AccessFailedCount], [UserName]) VALUES (10, N'faef@sge.vdsv', 0, N'AG7VJKKv0HkmCjs/KlgRwKQ1CgetCJIZy+GKsuwQ2jb2/ZhnsOtoIYkURfKJLAi3HQ==', N'b2a95424-26d2-4e76-80ba-75da2c7f438d', NULL, 0, 0, NULL, 0, 0, N'Duma')
GO
INSERT [dbo].[AspNetUsers] ([Id], [Email], [EmailConfirmed], [PasswordHash], [SecurityStamp], [PhoneNumber], [PhoneNumberConfirmed], [TwoFactorEnabled], [LockoutEndDateUtc], [LockoutEnabled], [AccessFailedCount], [UserName]) VALUES (12, N'zinia@sdfsd.dsf', 0, N'AChP8jobXprwhs+Hy/yCehmsxV0iQuvqUQLs8cWDeOeMzF8F8S84AWzpsxUYOEuhBQ==', N'35a3e722-9ee0-403e-a734-84a71783546f', NULL, 0, 0, NULL, 0, 0, N'Wjkcxlfkxf')
GO
INSERT [dbo].[AspNetUsers] ([Id], [Email], [EmailConfirmed], [PasswordHash], [SecurityStamp], [PhoneNumber], [PhoneNumberConfirmed], [TwoFactorEnabled], [LockoutEndDateUtc], [LockoutEnabled], [AccessFailedCount], [UserName]) VALUES (13, N'dsgs@sgsgrdg.ef', 0, N'ABVcjjWhjxZj8AUQVvfTex/xeZ+WqwWdNTj9VRigKN7YaPX7j6Noxmb6gFpbVE5xpg==', N'b28aae38-3511-4773-ae42-13b7a9e73bae', NULL, 0, 0, NULL, 0, 0, N'aeefdsfsW')
GO
INSERT [dbo].[AspNetUsers] ([Id], [Email], [EmailConfirmed], [PasswordHash], [SecurityStamp], [PhoneNumber], [PhoneNumberConfirmed], [TwoFactorEnabled], [LockoutEndDateUtc], [LockoutEnabled], [AccessFailedCount], [UserName]) VALUES (14, N'dsgs@sgsgrdg1.ef', 0, N'AMdpoGfS9Y09L7bnQ1ukTm78KgTiUg+xiEmYvAvbmUZeTEqxF/Q80rgG7GHCifySKA==', N'daed48ff-2d9e-453b-8a0b-102b5a863cf2', NULL, 0, 0, NULL, 0, 0, N'aeefdsfsW1')
GO
INSERT [dbo].[AspNetUsers] ([Id], [Email], [EmailConfirmed], [PasswordHash], [SecurityStamp], [PhoneNumber], [PhoneNumberConfirmed], [TwoFactorEnabled], [LockoutEndDateUtc], [LockoutEnabled], [AccessFailedCount], [UserName]) VALUES (15, N'josef@gf.flo', 0, N'AKTdaG1tLj66Uba2rjlLvyFIE2ZEYJ8RMvXcvaChn+JiNCdY32MXcVpiqmTkprencA==', N'db95e46a-2593-4d33-b25c-00b0bcde082e', NULL, 0, 0, NULL, 0, 0, N'Josef')
GO
INSERT [dbo].[AspNetUsers] ([Id], [Email], [EmailConfirmed], [PasswordHash], [SecurityStamp], [PhoneNumber], [PhoneNumberConfirmed], [TwoFactorEnabled], [LockoutEndDateUtc], [LockoutEnabled], [AccessFailedCount], [UserName]) VALUES (1015, N'qwqw@qwqw.hg', 0, N'AIv1G1KbZRENlbUZ0CtwINL0uUSGMrZppcGKeXr3PAPL8893QDmr/yFJ2I2IYDn+ZA==', N'9001b059-05a0-4763-a8e2-6fc49c2389fc', NULL, 0, 0, NULL, 0, 0, N'qwqwqwqw')
GO
INSERT [dbo].[AspNetUsers] ([Id], [Email], [EmailConfirmed], [PasswordHash], [SecurityStamp], [PhoneNumber], [PhoneNumberConfirmed], [TwoFactorEnabled], [LockoutEndDateUtc], [LockoutEnabled], [AccessFailedCount], [UserName]) VALUES (1016, N'sdsd@sds.fdfd', 0, N'AOGJF8dGqPZbGKIeyvrQU4ZtpnZzykk6MbG3YSTQyOj9qJgjsJDRsmZMjMaD3ttKuw==', N'c5f3e382-ed87-4a49-b90f-2ebdc0ca04a5', NULL, 0, 0, NULL, 0, 0, N'sdsdsd')
GO
INSERT [dbo].[AspNetUsers] ([Id], [Email], [EmailConfirmed], [PasswordHash], [SecurityStamp], [PhoneNumber], [PhoneNumberConfirmed], [TwoFactorEnabled], [LockoutEndDateUtc], [LockoutEnabled], [AccessFailedCount], [UserName]) VALUES (1017, N'sdfs@dsfs.gf', 0, N'ACtDmqg/ueWeF0VaYDTy8K8XfK3MDQSakRk1SOmc+hAJ+KLgghDsEmvN+rxXelsr1w==', N'992ffea3-4411-4587-8c53-2c92de395ebd', NULL, 0, 0, NULL, 0, 0, N'dfsfdsd')
GO
INSERT [dbo].[AspNetUsers] ([Id], [Email], [EmailConfirmed], [PasswordHash], [SecurityStamp], [PhoneNumber], [PhoneNumberConfirmed], [TwoFactorEnabled], [LockoutEndDateUtc], [LockoutEnabled], [AccessFailedCount], [UserName]) VALUES (1018, N'sdgsdg@asfsd.dfs', 0, N'AIPSltglVipQZOM9FzDr0wRyiNOvRoUii5rvy4UgSm61GUVwqGkilQNkPaMTpc3wJA==', N'c0608425-34cd-4494-90dd-06a728289d9f', NULL, 0, 0, NULL, 0, 0, N'dsgsdg')
GO
INSERT [dbo].[AspNetUsers] ([Id], [Email], [EmailConfirmed], [PasswordHash], [SecurityStamp], [PhoneNumber], [PhoneNumberConfirmed], [TwoFactorEnabled], [LockoutEndDateUtc], [LockoutEnabled], [AccessFailedCount], [UserName]) VALUES (1019, N'sfdsdf@esfse.efs', 0, N'AC8S/CfhN2KmbU5Xz0Uk+2CuJEJIPvAGbV+qV1qkDLqEJtzBjQebAcxfL4HcjpzseA==', N'8a5c5f11-f9ac-41da-b54b-fbd696dce0fc', NULL, 0, 0, NULL, 0, 0, N'dfdsdfsf')
GO
SET IDENTITY_INSERT [dbo].[AspNetUsers] OFF
GO
SET IDENTITY_INSERT [dbo].[Category] ON 

GO
INSERT [dbo].[Category] ([IDUser], [Name], [IDCategory]) VALUES (2, N'C#', 1)
GO
INSERT [dbo].[Category] ([IDUser], [Name], [IDCategory]) VALUES (2, N'Java', 16)
GO
INSERT [dbo].[Category] ([IDUser], [Name], [IDCategory]) VALUES (3, N'Post', 20)
GO
INSERT [dbo].[Category] ([IDUser], [Name], [IDCategory]) VALUES (5, N'Good', 55)
GO
INSERT [dbo].[Category] ([IDUser], [Name], [IDCategory]) VALUES (1, N'Good', 1125)
GO
INSERT [dbo].[Category] ([IDUser], [Name], [IDCategory]) VALUES (2, N'Doing', 2132)
GO
INSERT [dbo].[Category] ([IDUser], [Name], [IDCategory]) VALUES (2, N'Some', 2133)
GO
SET IDENTITY_INSERT [dbo].[Category] OFF
GO
SET IDENTITY_INSERT [dbo].[Comment] ON 

GO
INSERT [dbo].[Comment] ([IDTask], [Description], [DateCreation], [IDComment], [IDUser]) VALUES (2, N'Good', CAST(N'2018-02-15 14:40:00' AS SmallDateTime), 1, 2)
GO
INSERT [dbo].[Comment] ([IDTask], [Description], [DateCreation], [IDComment], [IDUser]) VALUES (2, N'Good', CAST(N'2018-02-28 00:00:00' AS SmallDateTime), 4, 2)
GO
INSERT [dbo].[Comment] ([IDTask], [Description], [DateCreation], [IDComment], [IDUser]) VALUES (2, N'Need doing', CAST(N'2018-02-28 00:00:00' AS SmallDateTime), 5, 2)
GO
INSERT [dbo].[Comment] ([IDTask], [Description], [DateCreation], [IDComment], [IDUser]) VALUES (2, N'This is good task', CAST(N'2018-03-13 00:00:00' AS SmallDateTime), 1016, 2)
GO
INSERT [dbo].[Comment] ([IDTask], [Description], [DateCreation], [IDComment], [IDUser]) VALUES (28, N'egesg', CAST(N'2018-03-13 00:00:00' AS SmallDateTime), 1018, 2)
GO
INSERT [dbo].[Comment] ([IDTask], [Description], [DateCreation], [IDComment], [IDUser]) VALUES (2, N'Some', CAST(N'2018-03-23 13:52:00' AS SmallDateTime), 2024, 2)
GO
INSERT [dbo].[Comment] ([IDTask], [Description], [DateCreation], [IDComment], [IDUser]) VALUES (2, N'xbxdbx', CAST(N'2018-03-28 09:55:00' AS SmallDateTime), 2032, 2)
GO
INSERT [dbo].[Comment] ([IDTask], [Description], [DateCreation], [IDComment], [IDUser]) VALUES (2, N'fdgdr', CAST(N'2018-03-28 10:13:00' AS SmallDateTime), 2033, 2)
GO
INSERT [dbo].[Comment] ([IDTask], [Description], [DateCreation], [IDComment], [IDUser]) VALUES (29, N'uhkuk', CAST(N'2018-03-28 12:41:00' AS SmallDateTime), 2035, 2)
GO
SET IDENTITY_INSERT [dbo].[Comment] OFF
GO
SET IDENTITY_INSERT [dbo].[SharedTask] ON 

GO
INSERT [dbo].[SharedTask] ([IDSharedTask], [IDTask], [IDUser]) VALUES (3, 2, 2)
GO
INSERT [dbo].[SharedTask] ([IDSharedTask], [IDTask], [IDUser]) VALUES (2041, 2, 6)
GO
INSERT [dbo].[SharedTask] ([IDSharedTask], [IDTask], [IDUser]) VALUES (2045, 2, 15)
GO
INSERT [dbo].[SharedTask] ([IDSharedTask], [IDTask], [IDUser]) VALUES (2052, 2, 3)
GO
INSERT [dbo].[SharedTask] ([IDSharedTask], [IDTask], [IDUser]) VALUES (2054, 29, 2)
GO
SET IDENTITY_INSERT [dbo].[SharedTask] OFF
GO
SET IDENTITY_INSERT [dbo].[Status] ON 

GO
INSERT [dbo].[Status] ([Name], [IDStatus]) VALUES (N'Completed', 3)
GO
INSERT [dbo].[Status] ([Name], [IDStatus]) VALUES (N'New', 2)
GO
INSERT [dbo].[Status] ([Name], [IDStatus]) VALUES (N'Progress', 1)
GO
SET IDENTITY_INSERT [dbo].[Status] OFF
GO
SET IDENTITY_INSERT [dbo].[Task] ON 

GO
INSERT [dbo].[Task] ([IDCategory], [Name], [Description], [Priority], [DateCreation], [DateFinish], [IDStatus], [IDTask]) VALUES (1, N'Learns', N'Need learning extra information', 5, CAST(N'2018-02-15 09:36:00' AS SmallDateTime), CAST(N'2018-03-27 00:00:00' AS SmallDateTime), 3, 2)
GO
INSERT [dbo].[Task] ([IDCategory], [Name], [Description], [Priority], [DateCreation], [DateFinish], [IDStatus], [IDTask]) VALUES (1, N'svd', N'sdvasvd', 4, CAST(N'2018-02-28 00:00:00' AS SmallDateTime), NULL, 2, 28)
GO
INSERT [dbo].[Task] ([IDCategory], [Name], [Description], [Priority], [DateCreation], [DateFinish], [IDStatus], [IDTask]) VALUES (1, N'Stydied', NULL, 5, CAST(N'2018-03-07 00:00:00' AS SmallDateTime), CAST(N'2018-03-22 00:00:00' AS SmallDateTime), 2, 29)
GO
SET IDENTITY_INSERT [dbo].[Task] OFF
GO
SET ANSI_PADDING ON

GO
/****** Object:  Index [RoleNameIndex]    Script Date: 28.03.2018 17:26:10 ******/
CREATE UNIQUE NONCLUSTERED INDEX [RoleNameIndex] ON [dbo].[AspNetRoles]
(
	[Name] ASC
)WITH (PAD_INDEX = OFF, STATISTICS_NORECOMPUTE = OFF, SORT_IN_TEMPDB = OFF, IGNORE_DUP_KEY = OFF, DROP_EXISTING = OFF, ONLINE = OFF, ALLOW_ROW_LOCKS = ON, ALLOW_PAGE_LOCKS = ON) ON [PRIMARY]
GO
/****** Object:  Index [IX_UserId]    Script Date: 28.03.2018 17:26:10 ******/
CREATE NONCLUSTERED INDEX [IX_UserId] ON [dbo].[AspNetUserClaims]
(
	[UserId] ASC
)WITH (PAD_INDEX = OFF, STATISTICS_NORECOMPUTE = OFF, SORT_IN_TEMPDB = OFF, DROP_EXISTING = OFF, ONLINE = OFF, ALLOW_ROW_LOCKS = ON, ALLOW_PAGE_LOCKS = ON) ON [PRIMARY]
GO
/****** Object:  Index [IX_UserId]    Script Date: 28.03.2018 17:26:10 ******/
CREATE NONCLUSTERED INDEX [IX_UserId] ON [dbo].[AspNetUserLogins]
(
	[UserId] ASC
)WITH (PAD_INDEX = OFF, STATISTICS_NORECOMPUTE = OFF, SORT_IN_TEMPDB = OFF, DROP_EXISTING = OFF, ONLINE = OFF, ALLOW_ROW_LOCKS = ON, ALLOW_PAGE_LOCKS = ON) ON [PRIMARY]
GO
/****** Object:  Index [IX_RoleId]    Script Date: 28.03.2018 17:26:10 ******/
CREATE NONCLUSTERED INDEX [IX_RoleId] ON [dbo].[AspNetUserRoles]
(
	[RoleId] ASC
)WITH (PAD_INDEX = OFF, STATISTICS_NORECOMPUTE = OFF, SORT_IN_TEMPDB = OFF, DROP_EXISTING = OFF, ONLINE = OFF, ALLOW_ROW_LOCKS = ON, ALLOW_PAGE_LOCKS = ON) ON [PRIMARY]
GO
/****** Object:  Index [IX_UserId]    Script Date: 28.03.2018 17:26:10 ******/
CREATE NONCLUSTERED INDEX [IX_UserId] ON [dbo].[AspNetUserRoles]
(
	[UserId] ASC
)WITH (PAD_INDEX = OFF, STATISTICS_NORECOMPUTE = OFF, SORT_IN_TEMPDB = OFF, DROP_EXISTING = OFF, ONLINE = OFF, ALLOW_ROW_LOCKS = ON, ALLOW_PAGE_LOCKS = ON) ON [PRIMARY]
GO
SET ANSI_PADDING ON

GO
/****** Object:  Index [UserNameIndex]    Script Date: 28.03.2018 17:26:10 ******/
CREATE UNIQUE NONCLUSTERED INDEX [UserNameIndex] ON [dbo].[AspNetUsers]
(
	[UserName] ASC
)WITH (PAD_INDEX = OFF, STATISTICS_NORECOMPUTE = OFF, SORT_IN_TEMPDB = OFF, IGNORE_DUP_KEY = OFF, DROP_EXISTING = OFF, ONLINE = OFF, ALLOW_ROW_LOCKS = ON, ALLOW_PAGE_LOCKS = ON) ON [PRIMARY]
GO
/****** Object:  Index [IX_IDTask]    Script Date: 28.03.2018 17:26:10 ******/
CREATE NONCLUSTERED INDEX [IX_IDTask] ON [dbo].[Comment]
(
	[IDTask] ASC
)WITH (PAD_INDEX = OFF, STATISTICS_NORECOMPUTE = OFF, SORT_IN_TEMPDB = OFF, DROP_EXISTING = OFF, ONLINE = OFF, ALLOW_ROW_LOCKS = ON, ALLOW_PAGE_LOCKS = ON) ON [PRIMARY]
GO
/****** Object:  Index [IX_IDTask]    Script Date: 28.03.2018 17:26:10 ******/
CREATE NONCLUSTERED INDEX [IX_IDTask] ON [dbo].[SharedTask]
(
	[IDTask] ASC
)WITH (PAD_INDEX = OFF, STATISTICS_NORECOMPUTE = OFF, SORT_IN_TEMPDB = OFF, DROP_EXISTING = OFF, ONLINE = OFF, ALLOW_ROW_LOCKS = ON, ALLOW_PAGE_LOCKS = ON) ON [PRIMARY]
GO
/****** Object:  Index [IX_IDUser]    Script Date: 28.03.2018 17:26:10 ******/
CREATE NONCLUSTERED INDEX [IX_IDUser] ON [dbo].[SharedTask]
(
	[IDUser] ASC
)WITH (PAD_INDEX = OFF, STATISTICS_NORECOMPUTE = OFF, SORT_IN_TEMPDB = OFF, DROP_EXISTING = OFF, ONLINE = OFF, ALLOW_ROW_LOCKS = ON, ALLOW_PAGE_LOCKS = ON) ON [PRIMARY]
GO
SET ANSI_PADDING ON

GO
/****** Object:  Index [IX_Name]    Script Date: 28.03.2018 17:26:10 ******/
CREATE UNIQUE NONCLUSTERED INDEX [IX_Name] ON [dbo].[Status]
(
	[Name] ASC
)WITH (PAD_INDEX = OFF, STATISTICS_NORECOMPUTE = OFF, SORT_IN_TEMPDB = OFF, IGNORE_DUP_KEY = OFF, DROP_EXISTING = OFF, ONLINE = OFF, ALLOW_ROW_LOCKS = ON, ALLOW_PAGE_LOCKS = ON) ON [PRIMARY]
GO
/****** Object:  Index [IX_IDCategory]    Script Date: 28.03.2018 17:26:10 ******/
CREATE NONCLUSTERED INDEX [IX_IDCategory] ON [dbo].[Task]
(
	[IDCategory] ASC
)WITH (PAD_INDEX = OFF, STATISTICS_NORECOMPUTE = OFF, SORT_IN_TEMPDB = OFF, DROP_EXISTING = OFF, ONLINE = OFF, ALLOW_ROW_LOCKS = ON, ALLOW_PAGE_LOCKS = ON) ON [PRIMARY]
GO
/****** Object:  Index [IX_IDStatus]    Script Date: 28.03.2018 17:26:10 ******/
CREATE NONCLUSTERED INDEX [IX_IDStatus] ON [dbo].[Task]
(
	[IDStatus] ASC
)WITH (PAD_INDEX = OFF, STATISTICS_NORECOMPUTE = OFF, SORT_IN_TEMPDB = OFF, DROP_EXISTING = OFF, ONLINE = OFF, ALLOW_ROW_LOCKS = ON, ALLOW_PAGE_LOCKS = ON) ON [PRIMARY]
GO
/****** Object:  Index [IX_IDTask]    Script Date: 28.03.2018 17:26:10 ******/
CREATE NONCLUSTERED INDEX [IX_IDTask] ON [dbo].[UserTask]
(
	[IDTask] ASC
)WITH (PAD_INDEX = OFF, STATISTICS_NORECOMPUTE = OFF, SORT_IN_TEMPDB = OFF, DROP_EXISTING = OFF, ONLINE = OFF, ALLOW_ROW_LOCKS = ON, ALLOW_PAGE_LOCKS = ON) ON [PRIMARY]
GO
ALTER TABLE [dbo].[AspNetUserClaims]  WITH CHECK ADD  CONSTRAINT [FK_dbo.AspNetUserClaims_dbo.AspNetUsers_UserId] FOREIGN KEY([UserId])
REFERENCES [dbo].[AspNetUsers] ([Id])
ON DELETE CASCADE
GO
ALTER TABLE [dbo].[AspNetUserClaims] CHECK CONSTRAINT [FK_dbo.AspNetUserClaims_dbo.AspNetUsers_UserId]
GO
ALTER TABLE [dbo].[AspNetUserLogins]  WITH CHECK ADD  CONSTRAINT [FK_dbo.AspNetUserLogins_dbo.AspNetUsers_UserId] FOREIGN KEY([UserId])
REFERENCES [dbo].[AspNetUsers] ([Id])
ON DELETE CASCADE
GO
ALTER TABLE [dbo].[AspNetUserLogins] CHECK CONSTRAINT [FK_dbo.AspNetUserLogins_dbo.AspNetUsers_UserId]
GO
ALTER TABLE [dbo].[AspNetUserRoles]  WITH CHECK ADD  CONSTRAINT [FK_dbo.AspNetUserRoles_dbo.AspNetRoles_RoleId] FOREIGN KEY([RoleId])
REFERENCES [dbo].[AspNetRoles] ([Id])
ON DELETE CASCADE
GO
ALTER TABLE [dbo].[AspNetUserRoles] CHECK CONSTRAINT [FK_dbo.AspNetUserRoles_dbo.AspNetRoles_RoleId]
GO
ALTER TABLE [dbo].[AspNetUserRoles]  WITH CHECK ADD  CONSTRAINT [FK_dbo.AspNetUserRoles_dbo.AspNetUsers_UserId] FOREIGN KEY([UserId])
REFERENCES [dbo].[AspNetUsers] ([Id])
ON DELETE CASCADE
GO
ALTER TABLE [dbo].[AspNetUserRoles] CHECK CONSTRAINT [FK_dbo.AspNetUserRoles_dbo.AspNetUsers_UserId]
GO
ALTER TABLE [dbo].[Category]  WITH CHECK ADD  CONSTRAINT [FK_Category_AspNetUsers] FOREIGN KEY([IDUser])
REFERENCES [dbo].[AspNetUsers] ([Id])
GO
ALTER TABLE [dbo].[Category] CHECK CONSTRAINT [FK_Category_AspNetUsers]
GO
ALTER TABLE [dbo].[Comment]  WITH CHECK ADD  CONSTRAINT [FK_Comment_AspNetUsers] FOREIGN KEY([IDUser])
REFERENCES [dbo].[AspNetUsers] ([Id])
GO
ALTER TABLE [dbo].[Comment] CHECK CONSTRAINT [FK_Comment_AspNetUsers]
GO
ALTER TABLE [dbo].[Comment]  WITH CHECK ADD  CONSTRAINT [FK_dbo.Comment_dbo.Task_IDTask] FOREIGN KEY([IDTask])
REFERENCES [dbo].[Task] ([IDTask])
ON DELETE CASCADE
GO
ALTER TABLE [dbo].[Comment] CHECK CONSTRAINT [FK_dbo.Comment_dbo.Task_IDTask]
GO
ALTER TABLE [dbo].[SharedTask]  WITH CHECK ADD  CONSTRAINT [FK_dbo.SharedTask_dbo.Task_IDTask] FOREIGN KEY([IDTask])
REFERENCES [dbo].[Task] ([IDTask])
ON DELETE CASCADE
GO
ALTER TABLE [dbo].[SharedTask] CHECK CONSTRAINT [FK_dbo.SharedTask_dbo.Task_IDTask]
GO
ALTER TABLE [dbo].[SharedTask]  WITH CHECK ADD  CONSTRAINT [FK_SharedTask_AspNetUsers] FOREIGN KEY([IDUser])
REFERENCES [dbo].[AspNetUsers] ([Id])
GO
ALTER TABLE [dbo].[SharedTask] CHECK CONSTRAINT [FK_SharedTask_AspNetUsers]
GO
ALTER TABLE [dbo].[Task]  WITH CHECK ADD  CONSTRAINT [FK_dbo.Task_dbo.Category_IDCategory] FOREIGN KEY([IDCategory])
REFERENCES [dbo].[Category] ([IDCategory])
ON DELETE CASCADE
GO
ALTER TABLE [dbo].[Task] CHECK CONSTRAINT [FK_dbo.Task_dbo.Category_IDCategory]
GO
ALTER TABLE [dbo].[Task]  WITH CHECK ADD  CONSTRAINT [FK_dbo.Task_dbo.Status_IDStatus] FOREIGN KEY([IDStatus])
REFERENCES [dbo].[Status] ([IDStatus])
ON DELETE CASCADE
GO
ALTER TABLE [dbo].[Task] CHECK CONSTRAINT [FK_dbo.Task_dbo.Status_IDStatus]
GO
ALTER TABLE [dbo].[UserTask]  WITH CHECK ADD  CONSTRAINT [FK_dbo.UserTask_dbo.Task_IDTask] FOREIGN KEY([IDTask])
REFERENCES [dbo].[Task] ([IDTask])
ON DELETE CASCADE
GO
ALTER TABLE [dbo].[UserTask] CHECK CONSTRAINT [FK_dbo.UserTask_dbo.Task_IDTask]
GO
ALTER TABLE [dbo].[UserTask]  WITH CHECK ADD  CONSTRAINT [FK_UserTask_AspNetUsers] FOREIGN KEY([IDUser])
REFERENCES [dbo].[AspNetUsers] ([Id])
GO
ALTER TABLE [dbo].[UserTask] CHECK CONSTRAINT [FK_UserTask_AspNetUsers]
GO
/****** Object:  StoredProcedure [dbo].[GetTaskByUserId]    Script Date: 28.03.2018 17:26:10 ******/
SET ANSI_NULLS ON
GO
SET QUOTED_IDENTIFIER ON
GO
CREATE PROCEDURE [dbo].[GetTaskByUserId]
	@userId int
AS
SELECT Task.Priority, Task.DateFinish,Task.Name, Task.IDTask, AspNetUsers.UserName 
From Category
Join AspNetUsers ON Category.IDUser = AspNetUsers.Id 
Join Task ON Category.IDCategory = Task.IDCategory
Join SharedTask ON Task.IDTask = SharedTask.IDTask
	WHERE SharedTask.IDUser = @userId
GO
USE [master]
GO
ALTER DATABASE [ToDoList] SET  READ_WRITE 
GO
